"Post ID","Account ID","Account username","Account name",Description,"Duration (sec)","Publish time",Permalink,"Post type","Data comment",Date,Views,Reach,Likes,Shares,Follows,Comments,Saves
18113247232585821,17841400841207807,_caminocoaching,"Camino Coaching","Your first flying lap is your fastest. Then it all falls apart.

Lap 4: Grip vanishes. Lap 5: You're backing off. Lap 6: You're 2 seconds slower or you in the gravel trying to maintain pace.

THE ISSUE: Hot tyres don't just lose grip—they destroy your confidence and steal your flow state.

THE NEUROSCIENCE: When tyres overheat, and grip varies, your cerebellum (balance/coordination centre) can't build consistent motor patterns.

Each lap feels different. Your amygdala screams ""danger"" at every corner.

Unpredictable grip = stress hormones = no flow state possible.

THE RESULT: You back off 1-3 seconds per lap or you feel like you are going to crash.

Cooked rubber by mid-session. Destroyed confidence.

Can't find rhythm because your brain doesn't trust the feedback.

THE FIX: Reply BLUEPRINT for the management system that keeps you in flow for entire sessions.

#Motorsport #Racing #Focus #PeakPerformance #FlowState #Training #MentalStrength #Endurance #RaceReady #Motivation",9,"11/28/2025 07:54",https://www.instagram.com/reel/DRmxxtLCP6o/,"IG reel",,Lifetime,715,499,6,0,0,0,0
18208293724322280,17841400841207807,_caminocoaching,"Camino Coaching","She spent more on bikes, parts, coaches, and race schools than she'd like to admit.
10 years of racing. Every upgrade going. None of it gave her what she was looking for.
Then she changed one thing.
Not the bike. Not the lines. The bit between her ears.
Angela's Trustpilot review landed this week. After a decade of chasing speed through parts and tuition, she described feeling ""new levels of fierceness and joy on the track"" for the first time.
After 1,800+ session debriefs across 118 riders, the pattern is always the same. The breakthrough doesn't come from the parts catalogue.
Review 84. TrustScore 4.9 out of 5. Your bike was never the problem.
··
By the way, I built a Rider Mindset Quiz. 12 real racing scenarios. Your mate beats you in identical conditions. You crash at your best corner. You miss the podium by 0.001s.
Most riders score below 40%.
Comment MINDSET and I'll send it straight to your DMs.",0,"02/25/2026 10:00",https://www.instagram.com/p/DVMK7WcDXPQ/,"IG image",,Lifetime,88,61,1,0,0,1,0
18109909261674938,17841400841207807,_caminocoaching,"Camino Coaching","Your brain can't do two things at once. It just pretends it can.
University College London researchers put this to the test. They gave people two tasks to complete simultaneously and measured what happened.
Performance dropped on both tasks. Reaction times got slower. Error rates climbed. The more complex the competing task, the worse everything got.
Now think about what you ask your brain to do mid-session.
You're tipping into Turn 3, working the body position, rolling on the throttle, picking up your next reference point... and somewhere in the back of your head you're thinking about the sector time you just saw on the dash. Or wondering what your mate did on his last lap. Or replaying the corner you messed up three laps ago.
That's a dual-task environment. Your brain is doing exactly what the research predicts. Splitting its limited resources between two competing demands. Giving neither one your full attention.
After 1,800+ session debriefs across 118 riders, I can tell you what this looks like on track. A rider who's fast in patches but never strings a whole lap together. Quick through the flowing stuff where they're not thinking, then loses two tenths in the braking zone where their head starts doing the maths.
The riders who find another level aren't the ones who try harder. They're the ones who stop dividing their attention. They give the bike everything. The lap time takes care of itself.
One task. Full commitment. That's where the time is.
·· By the way, I built a free Rider Flow Profile that maps how often you actually access the zone on track, what triggers it, and what blocks it. Takes 2 minutes. Comment FLOW below and I'll send you the link.",0,"02/23/2026 10:02",https://www.instagram.com/p/DVHBnb6DnlO/,"IG image",,Lifetime,323,165,4,1,0,0,1
18099655372731604,17841400841207807,_caminocoaching,"Camino Coaching","🏆 P3 — PODIUM on Race Day 1!
Phillip Island, Round 1 — World Superbike 2026
Lorenzo Baldassarri returns to WorldSBK with a statement. Qualified 7th, finished 3rd — on the podium in his very first race back.
We've been working together all winter on the mental side of his performance — managing pressure, building confidence, accessing flow state when it matters. Today, it all came together on track.
The numbers tell the story: fastest Sector 2 and fastest Sector 4 of anyone in the race. That's not just a good result — that's race-winning pace in key parts of the circuit.
Started 7th. Was up to 3rd by lap 5. Held it all the way to the flag.
This is just the beginning. Let's see what's possible tomorrow. 
#7Balda #WorldSBK #PhillipIsland #Ducati #TeamGoeleven #BackOnThePodium",0,"02/21/2026 01:08",https://www.instagram.com/p/DVA65A0jTqW/,"IG image",,Lifetime,432,246,11,1,0,0,0
18032061005589876,17841400841207807,_caminocoaching,"Camino Coaching","Olympic athletes train their mind every single day. You do it on race morning in the holding area. And you wonder why it doesn't work.
Rutgers sport psychologist Peter Economou just laid it out: elite athletes don't save mental prep for competition day. They practise mindfulness, visualisation, and cognitive defusion daily so their brain becomes familiar with it. So when the pressure peaks, the mental skills are automatic.
Like throttle control. You didn't learn that on race day. You drilled it until it became subconscious. Hundreds of reps.
So why do you think a five-minute breathing exercise in the holding area is going to override the panic spiral you've never practised escaping?
Only 27% of the riders I work with have any kind of pre-session routine. The other 73% are winging it. Sitting on the grid hoping they'll feel ""ready.""
And here's the problem. When your mate's on the row behind, your dad's watching from the fence, and the red lights are about to go out, your nervous system doesn't default to calm. It defaults to whatever you've trained it to do.
If you've trained nothing? It defaults to panic. Tight arms. Stiff body position. Blown start. Two positions lost before the first corner.
Olympians carry the weight of an entire nation's expectations and they handle it because they've drilled the mental response thousands of times. You're carrying the weight of your own paddock's expectations and you're trying to manage it with willpower.
Willpower isn't a strategy. Daily practice is.
After 10 seasons in MotoGP, World SBK and BSB paddocks, the riders who perform under pressure aren't tougher. They've just done more reps.
·· Oh, by the way. I built a free Rider Mindset Quiz with 12 real racing scenarios. Your mate beats you in identical conditions. You crash at your best corner. How you react reveals everything.",0,"02/17/2026 10:00",https://www.instagram.com/p/DU3kjJLgTnD/,"IG image",,Lifetime,357,196,4,2,0,1,1
18107886898706679,17841400841207807,_caminocoaching,"Camino Coaching","They put eye-tracking glasses on a motorcycle racer. What they found explains why you keep missing the apex.

Researchers at Brno University strapped Tobii eye-tracking glasses to a rider on a Ducati Panigale V2 and recorded his gaze across 10 laps at Automotodrom Most.
The fastest lap? Stable gaze locked onto the corner apex. No visual distraction. Braking initiated at the optimal reference point. Smooth trajectory into the next section.

The second-fastest lap? The rider repeatedly glanced at the instrument cluster before braking. His eyes were bouncing between the clocks and the apex. Braking was delayed. The trajectory into the next section was compromised. Cognitive load increased.

Same rider. Same bike. Same circuit. The only difference was where his eyes went.
When your gaze is unstable, your brain switches from automatic execution to conscious control. You go from flowing through corners at 4 billion bits per second to processing at 110. Everything slows down. Every corner becomes a negotiation.
This is the rider who checks the dash in the braking zone. Who looks at the timing tower leaving pit lane. Who glances at the rider alongside instead of the apex ahead.
Your brain can't plan what your eyes haven't seen.

After 1,800+ session debriefs, I can tell you this: most riders have never been taught where to look or when. They're making decisions 200-300 milliseconds late because their eyes are in the wrong place. That's 0.3 to 0.5 seconds lost per corner. Over a full lap? That's your missing PB.
The fix isn't more throttle. It's better eyes.

·· Oh, by the way. I built a free Rider Mindset Quiz with 12 real racing scenarios. Your mate beats you in identical conditions. You crash at your best corner. How you react reveals everything. Most score below 40%. 3 minutes. → https://caminocoaching.co.uk/rider-mindset",0,"02/16/2026 10:00",https://www.instagram.com/p/DU0_xSwjbMY/,"IG image",,Lifetime,390,222,1,0,0,0,0
18079396829037230,17841400841207807,_caminocoaching,"Camino Coaching","Your brain has two processors. You're qualifying with the wrong one.
Your conscious mind handles 110 bits of information per second. Your subconscious handles 4 billion. In testing, your subconscious runs the show. Smooth corner entry, automatic body position, natural throttle roll.

Then qualifying starts. It ""counts"" now. And your prefrontal cortex takes over.
Neuroscience calls it explicit monitoring. The moment pressure rises, your brain starts consciously supervising skills that were running perfectly on autopilot. Research shows this creates a 15.3% increase in errors under high-pressure conditions.

Every corner becomes a negotiation instead of an execution. You're thinking about turn-in instead of feeling it. That's your 110-bit processor trying to do a 4-billion-bit job.

It's like running the latest software on a 1995 computer. Everything freezes.
But here's what a new Frontiers in Psychology review of 1,282 athletes found: the ones who stay fast under pressure aren't ""mentally tough."" They're mentally flexible. They can shift from ""nail the lap time"" to ""survive the first three corners and build from there"" without their brain treating it as failure.

The rigid rider who sticks to the plan when conditions change? Falls apart. The flexible rider who resets after a blown lap? Stays on the podium.
After 1,800+ debriefs, this is the pattern. The harder you try, the slower you go. Your PB didn't come from trying. It came from letting go.
·· Oh, by the way. I built a free Rider Mindset Quiz with 12 real racing scenarios. Your mate beats you in identical conditions. You crash at your best corner. How you react reveals everything. Most score below 40%. 3 minutes. → https://caminocoaching.co.uk/rider-mindset",0,"02/15/2026 10:00",https://www.instagram.com/p/DUya82bGizv/,"IG image",,Lifetime,169,113,1,0,0,0,0
18121587388505553,17841400841207807,_caminocoaching,"Camino Coaching","You're smooth and fast in testing. Then qualifying starts and you lose three tenths.
Nothing changed. Same bike. Same circuit. Same tyres. But the session ""counts"" now, and your brain just switched processors.
Neuroscience research calls it explicit monitoring. The moment pressure rises, your prefrontal cortex jumps in and starts consciously supervising skills that were running perfectly on autopilot. Athletes who do this show a 15.3% increase in errors under pressure compared to practice.
On a motorcycle, that looks like this: you start thinking about body position mid-corner instead of feeling it. You consciously check your turn-in point instead of trusting your eyes. Every corner becomes a negotiation instead of an execution.
Your conscious mind processes 110 bits per second. Your subconscious handles 4 billion. When you ""try harder"" in qualifying, you're forcing the slow processor to do the fast processor's job.
It's like running the latest software on a 1995 computer. Everything freezes.
After 1,800+ session debriefs, this is the single most common pattern I see. The harder you try, the slower you go. Excessive effort creates muscle tension, blocks neural pathways, and kills the precise motor control that racing demands.
Think about it. When did you set your PB? Was it when you were really trying, or when everything just clicked?
That click is flow. And you can't force your way into it. You have to let go of the conscious monitoring and trust what your subconscious already knows how to do.
·· Oh, by the way. I built a free Rider Mindset Quiz with 12 real racing scenarios. Your mate beats you in identical conditions. You crash at your best corner. How you react reveals everything. Most score below 40%. 3 minutes. → https://caminocoaching.co.uk/rider-mindset",0,"02/14/2026 09:00",https://www.instagram.com/p/DUvvT1OAgpE/,"IG image",,Lifetime,283,165,0,0,0,0,0
17870793081542512,17841400841207807,_caminocoaching,"Camino Coaching","Marc Marquez just said something most club racers will completely misunderstand.
After the Sepang test this week, the reigning MotoGP champion was asked about defending his title. His response? ""I don't feel pressure. The most challenging thing was to come back from injury and I've already done it.""
Seven-time premier class champion. Every rival gunning for him. And he feels ""super relaxed and happy.""
Meanwhile, Carlo Pernat calls 2026 a ""psychological war"" across the grid. Other riders are already anxious about contracts and results before the first race.
So why is Marquez calm?
Because he's disconnected the outcome from his identity. He's not riding to prove anything. That's not arrogance. That's elite mental architecture.
Now bring that into your paddock.
You qualified front row last time. Everyone expects you to win. Your mate's already joking about it. And what happens? You tighten on turn-in. Braking gets tentative. Your brain is processing social threat instead of lean angle.
After 10 seasons in MotoGP, World SBK and BSB paddocks, I see this pattern at every level. Cormac Buchanan arrived in Junior GP with massive impostor syndrome. Back of the grid. We applied a systematic process to detach his identity from his results. Same rider went from last to pole positions and podiums.
The pressure you feel on your home track or after a good qualifying isn't real. It's a story your brain tells you.
Marquez isn't fast because he doesn't feel pressure. He's fast because he doesn't let pressure ride the bike.
·· Oh, by the way. I built a free Rider Mindset Quiz with 12 real racing scenarios. You miss the podium by 0.001s. Your mate beats you in identical conditions. You crash at your best corner. How you react reveals everything. Most score below 40%. 3 minutes. → https://caminocoaching.co.uk/rider-mindset",0,"02/13/2026 11:00",https://www.instagram.com/p/DUtYO8LjUDd/,"IG image",,Lifetime,278,134,2,0,0,0,0
17857888998556004,17841400841207807,_caminocoaching,"Camino Coaching","You have 50,000 thoughts on a race weekend. 80% of them are telling you you're not good enough.
That's not weakness. That's being human.
New research from sports psychologists is flipping the script on ""mental toughness."" The old model says push through, ignore the doubt, be harder. Grit your teeth and ride faster.
But here's what they're actually finding: the harder you try to suppress negative thoughts, the more energy your brain burns fighting itself. Studies show it increases your perception of effort and directly reduces performance.
Think about that sat on the grid.
Your brain is screaming ""don't mess up the start."" You try to push it down. Be tough. Focus. But your prefrontal cortex is now running a suppression programme at 110 bits per second instead of letting your subconscious handle the launch at 4 billion bits per second.
Your muscles tighten because your brain is anxious. Your body position stiffens. Your throttle control gets jerky. You lose two positions before the first corner.
And everyone calls it a bad start. It wasn't. It was a brain at war with itself.
After 1,800+ session debriefs, the pattern is always the same. The riders who try to be ""mentally tough"" plateau. The riders who learn to notice a thought, let it pass, and refocus on their process? They PB.
Your conscious mind processes 110 bits per second. Your subconscious handles 4 billion. When you're ""toughing it out,"" you're forcing the slow processor to do the fast processor's job.
It's like running the latest software on a 1995 computer. Everything freezes.
The fastest riders I work with don't fight their thoughts. They don't pretend the doubt isn't there. They notice it, let it float past, and get back to their corner references, their braking markers, their process.
That's not soft. That's elite.
·· Oh, by the way. I built a free Rider Mindset Quiz with 12 real racing scenarios. You miss the podium by 0.001s. Your mate beats you in identical conditions. You crash at your best corner. How you react reveals everything. Most riders score below 40%. Takes 3 minutes. → https://caminocoaching.co.uk/rider-mindset",0,"02/12/2026 10:00",https://www.instagram.com/p/DUqskAijdIn/,"IG image",,Lifetime,360,188,4,0,0,0,0
18078930677367815,17841400841207807,_caminocoaching,"Camino Coaching","The difference between your best and worst days on track is about 80 minutes of brain performance.
University of Toronto researchers just tracked this. They followed people over 12 weeks and measured daily fluctuations in mental sharpness. The gap between a peak day and a low day? Equivalent to roughly 30 to 40 minutes of lost productive output.
Now think about that on a race weekend.
Saturday morning FP1. You slept well. Ate properly. You're sharp. Your eyes pick up the apex early, your braking is planned, your corner entry feels automatic. You PB.
Sunday qualifying. You stayed up too late in the paddock. Slept badly on a camp bed. Skipped breakfast. Your brain is running on fumes.
Same bike. Same circuit. Same tyres. But your mental sharpness has dropped, and suddenly you're 0.3 to 0.5 seconds off in every corner because your prefrontal cortex can't process visual references fast enough.
You're not slower because you forgot how to ride.
You're slower because your brain is operating on a different day.
After 1,800+ session debriefs across 118 riders, I can tell you this is one of the most common patterns I see. The rider who was untouchable on Saturday becomes invisible on Sunday. And they blame the bike, the tyres, the setup.
It was never the bike.
It was always the brain. And how sharp it was when you swung a leg over.
Mental sharpness isn't fixed. It fluctuates daily based on sleep quality, nutrition, time of day, and accumulated fatigue across the weekend.
The riders who control those inputs don't just get lucky on Saturday. They're consistent from FP1 to the last race.
The ones who don't? They're rolling the dice every time they leave pit lane.
·· Oh, by the way. I built a free Rider Mindset Quiz with 12 real racing scenarios. You miss the podium by 0.001s. Your mate beats you in identical conditions. You crash at your best corner. How you react reveals everything. Most riders score below 40%. Takes 3 minutes. → https://caminocoaching.co.uk/rider-mindset",0,"02/11/2026 10:01",https://www.instagram.com/p/DUoH4qCEp35/,"IG image",,Lifetime,237,142,2,1,0,0,1
17901541596362232,17841400841207807,_caminocoaching,"Camino Coaching","🧠 Want to know what's REALLY happening when you overthink?

Research on motor performance under cognitive load shows a 23% increase in movement hesitation during high-pressure scenarios.

In racing terms?

That's the split-second delay between when you SHOULD release the brake... and when you actually do.

Multiply that across every corner, every braking zone, every throttle application.

You're hemorrhaging lap time.

Studies on athletes performing under ""conscious control"" show a 15% decline in execution accuracy compared to automatic performance.

That's the difference between hitting your apex consistently and missing it by half a meter.

At race pace, that compounds into 0.5 to 2 seconds per lap.

Not from lack of skill.
Not from bike setup.
From the wrong part of your brain being in control.

Here's what's happening neurologically:

Your brain has TWO systems for controlling movement:

🐵 THE DRUNKEN MONKEY (your conscious mind)
→ Operates at 110 bits of information per second
→ Slow, analytical, self-critical
→ Great for learning... terrible for racing

🧙 THE WIZARD MIND (your subconscious)
→ Operates at 4 BILLION bits per second
→ Fast, automatic, fluid
→ This is where flow lives

When you overthink, you're forcing 110 bits per second to handle a task that requires BILLIONS.

It's like trying to run modern software on a computer from 1985.

The system literally can't keep up.

And here's the kicker...

Trying HARDER only makes it worse.

Because ""trying harder"" activates the conscious system EVEN MORE.

You dig the hole deeper.
You're haemorrhaging lap time.

The good news?

This isn't permanent.

It's a neurological PATTERN.

And patterns can be changed.

Comment ""OVERTHINK"" below if this just made something click for you 👇",0,"02/04/2026 10:00",https://www.instagram.com/p/DUWGNuDFKyU/,"IG image",,Lifetime,227,137,0,0,0,0,0
18076780595368373,17841400841207807,_caminocoaching,"Camino Coaching","🏍️ You're heading into Turn 3...

The fast right-hander where you KNOW there's time to be found.

So you tell yourself: ""This lap, I'm going deeper. I'm carrying more speed.""

But the moment you start THINKING about how to go faster?

Your hands tense on the bars.
Your brake inputs become choppy.
You overcook the entry, run wide, lose momentum.

The lap time? Slower than your average.

So the next lap, you try HARDER.

You think about your body position. Your brake pressure. Your throttle control. Your line.

You're mentally running a checklist while trying to ride at 170 kph with your knee millimeters from tarmac.

And you go slower still.

The harder you try, the worse you get.

Sound familiar?

That's not a character flaw.
That's not a lack of mental toughness.

That's neuroscience.

Comment ""OVERTHINK"" below if you've experienced this 👇",0,"02/03/2026 07:00",https://www.instagram.com/p/DUTM0YejfgH/,"IG image",,Lifetime,169,120,1,0,0,0,0
17864149785571731,17841400841207807,_caminocoaching,"Camino Coaching","The feedback is rolling in.
Riders who downloaded the training this morning are already messaging me:
""This explains everything I've been feeling but couldn't put into words.""
""I've spent thousands on suspension and track time. Wish I'd seen this two years ago.""
""Watched it twice. The protocol worksheet is going in my helmet bag.""

Here's what I need you to understand:
This isn't a live webinar where you have to show up at a specific time and sit through 90 minutes of pitch.
It's a 30-minute on-demand training you download and watch whenever you're ready.
Tonight before bed.
Tomorrow morning with coffee.
Sunday night before race week.
Your schedule. Your pace.
And once you've got it, it's yours.
You can watch it as many times as you need.

Inside, you'll discover:
🧠 Why you're fast in practice but choke in races (the neuroscience behind the practice vs. race performance gap)
🧠 What's happening in your brain when pressure hits (amygdala activation, cortisol floods, prefrontal cortex shutdown)
🧠 The 7-Minute Mindset Reset Protocol that rewires your threat response at the neurological level
🧠 A downloadable protocol worksheet you can use before qualifying and races

If you want to stop leaving podiums on the table because your brain interprets pressure as threat, comment ""MINDSET"" below and I'll send you the download link.
It's free.
It's comprehensive.
And it's waiting for you.",0,"01/30/2026 11:00",https://www.instagram.com/p/DUJVHHLCAqJ/,"IG image",,Lifetime,96,61,0,0,0,0,0
18119685730580000,17841400841207807,_caminocoaching,"Camino Coaching","It's live.

30 minutes. No fluff. Pure neuroscience.

""THE MINDSET EFFECT: How Your Core Beliefs Determine Your Lap Times""

In this free training, you'll discover:

✅ Why two riders with identical talent end up with completely different careers
✅ The neuroscience behind choking vs performing under pressure (with actual brain scans)
✅ The exact 7-minute protocol that rewires your threat response at the neurological level

This isn't motivational garbage. This is applied neuroscience for motorcycle racers.

I've worked with riders in British F4, GB3, and national-level motorcycle racing for 5 years. This protocol is what separates the riders who plateau from the riders who podium.

Your bike isn't the limiter. Your setup isn't the limiter. Your brain's interpretation of pressure is the limiter.

And you're about to learn how to rewire it.

Comment ""MINDSET"" below and I'll send you immediate access.

Training goes live in your inbox within 60 seconds.

See you inside.
-Craig

#FreeTraining #MotorcycleRacing #RacingMindset #FlowState #PerformanceCoaching #Neuroscience #RacerMentalGame #PodiumFinish #TrackDay #BritishSuperbike #GrowthMindset #RacingBreakthrough",0,"01/30/2026 05:00",https://www.instagram.com/p/DUIr-PLiXcj/,"IG image",,Lifetime,110,71,3,0,0,2,0
18109574989668870,17841400841207807,_caminocoaching,"Camino Coaching","It's live.

30 minutes. No Woo Woo, Pure neuroscience.

""THE MINDSET EFFECT: How Your Core Beliefs Determine Your Lap Times""

In this free training, you'll discover:

✅ Why two riders with identical talent end up with completely different careers
✅ The neuroscience behind choking vs performing under pressure (with actual brain scans)
✅ The exact 7-minute protocol that rewires your threat response at the neurological level

Comment ""MINDSET"" below and I'll send you immediate access.",0,"01/30/2026 04:02",https://www.instagram.com/p/DUIlWOLlGv_/,"IG image",,Lifetime,74,46,0,0,0,0,0
18096701005902104,17841400841207807,_caminocoaching,"Camino Coaching","So here's the real question:
How do you actually INSTALL a growth mindset at the neurological level?
Not just intellectually.
Not just motivationally.
But in a way that rewires how your brain processes pressure, setbacks, and challenge?
The answer is a protocol I've developed working with riders in many classes.
It's called the 7-Minute Mindset Reset Protocol.
You use it before qualifying.
Before races.
Any time you notice fixed mindset creeping interpret sessions as learning opportunities, not tests of adequacy

Here's what riders notice:
Week 1: You catch fixed mindset thoughts faster
Week 2: The reframes start happening automatically
Week 4: Your brain defaults to growth interpretation under pressure
Week 6: You actively seek challenges that used to trigger threat response
This isn't magic.
It's neuroplasticity.
The answer is a protocol I've developed, working with riders in many classes.ng opportunities, not tests of adequacy
Your brain rewires based on repeated interpretation patterns.
Tomorrow I'm releasing a free 30-minute training that walks you through the complete protocol—step by step.
Plus:
 The exact neuroscience behind why two riders with identical talent end up with completely different careers
The false growth mindset trap that keeps most riders stuck
If you want first access tomorrow when it drops, comment ""MINDSET"" below and I'll send it straight to your inbox.",0,"01/29/2026 10:00",https://www.instagram.com/p/DUGpcrIjQrS/,"IG image",,Lifetime,74,51,0,0,0,0,0
18019624529632929,17841400841207807,_caminocoaching,"Camino Coaching","Here's what's actually happening in your brain when you choke.

You've got two systems fighting for control:

System 1 - The Amygdala: Your panic button. When it activates under pressure, it floods your system with cortisol and diverts blood flow AWAY from your skill execution center.

System 2 - The Prefrontal Cortex: Where your riding ability lives. Decision-making, motor control, execution.

Stanford research on elite athletes proved this with brain scans:

Athletes with fixed mindsets (believing talent is static) showed:
• Amygdala activation spikes under pressure
• Cortisol elevation that impairs performance
• Prefrontal cortex shutdown

Athletes with growth mindsets (believing abilities are trainable) showed:
• Learning centers activate instead
• Dopamine increases
• Performance IMPROVES under pressure

Same stressor. Different brain interpretation. Completely different results.

Friday's training shows the 7-minute protocol that rewires this at the neurological level.

Comment ""MINDSET"" for access.

#Neuroscience #MotorcycleRacing #FlowState #RacingPsychology #GrowthMindset #AmygdalaHijack #PerformanceCoaching #BrainScience #RacerMindset #TrackDay #MentalPerformance #PodiumFinish",0,"01/28/2026 10:30",https://www.instagram.com/p/DUEIE8LCE6K/,"IG image",,Lifetime,144,85,3,0,0,2,0
17970134178005832,17841400841207807,_caminocoaching,"Camino Coaching","Imagine this 
You'll spend £30K on the bike. Another £10K on engine refresh, suspension, electronics, and setup. Track time fees, entry fees, fuel, tyres, and travel.

You're all-in for £40K+ this season.

And you're still finishing mid-pack.

Here's the brutal truth: More track time won't fix this.

Better suspension won't fix this.

A new bike definitely won't fix this.

Because the problem isn't mechanical—it's neurological.

Every time the pressure hits, your amygdala (your brain's panic button) floods your system with cortisol and shuts down your skill execution center.

You've been investing in the bike. But you haven't invested in rewiring the brain that rides it.

Friday's free training shows you exactly how to fix this.

Comment ""MINDSET"" and I'll send access.

#MotorcycleRacing #RacingInvestment #TrackDayRider #BritishSuperbike #RacingCoaching #MentalPerformance #AmygdalaHijack #RacingFrustration #MotoGP #ClubRacing #PodiumGoals #RacerLife",0,"01/27/2026 10:00",https://www.instagram.com/p/DUBf3Gxj306/,"IG image",,Lifetime,358,218,2,0,0,0,0
18161404837370554,17841400841207807,_caminocoaching,"Camino Coaching","You're fast in practice. Top 5 pace, maybe faster.

Your engineer knows it. Your team knows it. Hell, YOU know it.

Then race day arrives. Grid forms up. Lights go out. And you finish P10.

Here's what nobody tells you: The bike didn't change. The track didn't change. Your physical ability didn't change.

What changed was the stakes.

And when the stakes went up, something in your brain shut down.

This isn't a talent issue. It's not a bike issue. It's not even a skill issue.

It's a neurological pattern that's costing you podiums—and it's completely fixable.

I'm breaking down the exact brain science behind this on Friday in a free 30-minute training.

Comment ""MINDSET"" below and I'll send you access when it drops.

#MotorcycleRacing #TrackDay #BritishSuperbike #RacingMindset #FlowState #RacerMentalPerformance #PodiumFinish #RaceDayNerves #MotoGP #ClubRacing #RacingPsychology #PerformanceCoaching",0,"01/26/2026 09:35",https://www.instagram.com/p/DT-4PeujYWL/,"IG carousel",,Lifetime,489,179,5,1,0,0,0
18306973450248156,17841400841207807,_caminocoaching,"Camino Coaching","Your setup sheets track suspension settings.
Data loggers track throttle and lean angle.
Nothing tracks the one thing that controls everything else.
Your mental state.
Here's what most riders do:

Amazing lap at Donington
Can't recreate it at Brands Hatch
Don't know what changed mentally

Here's what fast riders do:

Debrief mental metrics after every session
Track patterns across circuits and conditions
Know exactly what headspace produces speed

In The Zone gives you the framework.
Track mental clarity. Spot your patterns. Replicate your best.
Data from 1,315 sessions: Consistent debriefing = 3x faster plateau breakthrough.
Comment BLUEPRINT for free training on mental game tracking.

#InTheZoneApp
#inthezonemoto #TrackdayLife
#MotorcycleTraining
#RacePrep
#CircuitRacing
#BikeLife
#SuperbikeRacing
#MotorcyclePerformance
#RacingMindset",0,"01/11/2026 10:00",https://www.instagram.com/p/DTYTJIggfDu/,"IG image",,Lifetime,146,89,0,0,0,0,0
18087753692047786,17841400841207807,_caminocoaching,"Camino Coaching","We asked riders about their best laps.
The description? Always the same.
""Automatic. Effortless. Everything felt slow-motion.""

That's Flow State.
Here's the problem:
Most experience it once or twice per season.
Winners experience it almost every session.

The difference? Winners train for it deliberately.
Flow isn't random. It's a reproducible skill.
If you're not training it, you're slower than necessary.

Comment ""BLUEPRINT"" for instant access to our free training.
Learn how to trigger Flow State on demand.

#RacingCoach #DriverDevelopment #FlowState #LapTimeOptimization #Motorsport #MentalGame #RacePerformance #TrackDay",0,"01/10/2026 11:00",https://www.instagram.com/p/DTV1NnFgQCF/,"IG image",,Lifetime,298,161,5,0,0,0,1
18099497575871204,17841400841207807,_caminocoaching,"Camino Coaching","Your lap times are decided at 10 PM.
Not at the track. In your bed.

We analysed rider sleep patterns before race weekends.
Most reported: 5-6 hours of sleep.
Then complained about being ""slow to react on track.""

The data doesn't lie.
Poor sleep = poor reaction time. Full stop!
You're not lacking skill. You're lacking recovery.
Caffeine won't fix fatigue. Sleep will.
Stop sabotaging yourself before you even show up.

👇 Comment ""BLUEPRINT"" for free training on performance recovery.

#Motorsport #RacingPerformance #DriverCoaching #SleepRecovery #MentalPerformance #LapTimes #TrackPerformance #RacePrep",0,"01/10/2026 02:00",https://www.instagram.com/p/DTU3bQeCHFk/,"IG image",,Lifetime,347,191,4,0,0,0,0
18187939978355404,17841400841207807,_caminocoaching,"Camino Coaching","We surveyed hundreds of riders
Question 1: ""What % of performance is mental?""
Answer: 75% to 90%.
Question 2: ""How much do you invest in it?""
Answer: Very little. Or zero.
Let me break this down:
You spend thousands on setup. Tyres. Data, more Track Time.

But invest nothing in the 90% that matters most.
Then wonder why lap times stopped improving.

Comment ""BLUEPRINT"" for instant access to our free training.
Stop ignoring the biggest lever you have.
#RacingMindset #PerformancePsychology #MotorsportCoaching #FasterLapTimes #RiderPerformance #MentalPerformance #RaceCraft #TrackSuccess",0,"01/09/2026 11:00",https://www.instagram.com/p/DTTQaGpCE1i/,"IG image",,Lifetime,197,103,1,0,0,0,0
18108530320658063,17841400841207807,_caminocoaching,"Camino Coaching","We analyzed rider data from race weekends.
Average spend: £1,500 to £4,000+ per weekend.

The most common feeling reported?
""Frustrated with untapped potential.""

Here's what we discovered:
Money goes to bike. Mind gets ignored.
Result? Mental handbrake = slower lap times.

The fastest riders? They fixed their psychology first.
Your bike isn't the issue. Your head is.
Stop spending thousands to feel average.

👇 Comment ""BLUEPRINT"" below for FREE training that fixes this.

#RacingPerformance #MotorsportMindset #RiderCoaching #LapTimes #RaceWeekend #PerformanceCoaching #RacingPsychology #TrackDay",0,"01/09/2026 02:00",https://www.instagram.com/p/DTSSnE6CMnD/,"IG image",,Lifetime,348,205,5,0,0,0,0
18073846469071227,17841400841207807,_caminocoaching,"Camino Coaching","It’s like trying to run the latest simulation software on a Mac from 1995. 💾 🏍️
When you ""white knuckle"" the bars, you aren't showing commitment. You are creating a bottleneck in your neural pathways.

Here is the physics: Your conscious mind processes about 110 bits of information per second. Your subconscious flow state? 4 billion.

When you try to ""think"" your way through a corner, you are forcing a 110-bit processor to run a 4-billion-bit game. The system lags. You lose fine motor control. You miss the apex.

To go fast, you have to surrender the 110-bit mind to the 4-billion-bit system.

🛑 Want to upgrade your processor?
I explain exactly how to access the 4-billion-bit system in the Podium Contenders Blueprint.
👇 DM me the word ""BLUEPRINT"" and I’ll send you free access immediately.",26,"01/05/2026 14:04",https://www.instagram.com/reel/DTJSUwSgNfh/,"IG reel",,Lifetime,312,267,0,0,0,0,0
18113936140611340,17841400841207807,_caminocoaching,"Camino Coaching","You check the timing screens. You look at Billy Bob in the next garage. You ask: ""How is he finding 0.5 seconds?""

Here is the telemetry of your brain when you do that: You are creating ""attention residue."".

Science shows you lose up to 30% of your processing power worrying about their ammunition instead of building your own.

You cannot race at 100% capacity on 70% focus.

Stop obsessing. Start architecting your own lap.

Comment or DM me ""BLUEPRINT"" to see the full list of 7 mistakes stealing your  your pace.",31,"01/05/2026 13:47",https://www.instagram.com/reel/DTJQUy-iJkg/,"IG reel",,Lifetime,651,470,5,1,0,0,1
18084263417121453,17841400841207807,_caminocoaching,"Camino Coaching","How to Hack Your Brain Like a World Champion (The Neuroscience of Speed)*

A racer on a slower bike beat machines with 20 more horsepower. It wasn't luck. It wasn't better tires. It was a secret switch inside his brain.

You have this exact same switch. Right now. Inside your head.

In this video, I reveal the neuroscience behind Flow State - the brain hack that Kevin Schwantz, Valentino Rossi, and Marc Márquez use to dominate on race day. And how you can trigger it on command to shave seconds off your lap times.

In this video, you'll learn:

✅ The ""90% Rule"" - why Kevin Schwantz won a World Championship on a slower bike
✅ What happens in your brain during Flow State (Transient Hypofrontality explained)
✅ The chemical cocktail that makes champions faster (dopamine, endorphins, anandamide)
✅ Valentino Rossi's pre-race ritual - how he triggers Flow on command
✅ Why John McGuinness can't remember his fastest laps (and why that's perfect)
✅ The 3 blockers stopping you from accessing Flow State
✅ The ""Goldilocks Zone"" - how to set the perfect challenge level
✅ Real data: 1,644 PBs, 1,286 podiums, 1,063 wins from riders using this system

Message the word ""Blueprint"" to get instant access to our free training",178,"01/02/2026 09:21",https://www.instagram.com/reel/DTBDg23jK81/,"IG reel",,Lifetime,293,256,0,0,0,0,1
18108222613729634,17841400841207807,_caminocoaching,"Camino Coaching","📚 BOOKS ON THE MOVE! 🌍
Four Flow Performance Blueprint packages winging their way across the globe today to new clients starting their journey to mastering race psychology:
🇦🇺 Australia - Ready to unlock flow states down under
🇺🇸 USA - Bringing neuroscience-based training stateside
🇳🇿 New Zealand - Another Kiwi racer leveling up their mental game
There's something special about knowing these books will be landing on doorsteps this week, and these racers will be diving into the same proven frameworks that have helped hundreds of racers access their peak performance states.
Each one is about to discover how their brain waves directly impact their lap times - and more importantly, how to control them.
From brain wave spikes (mistakes) to smooth microvolts (flow state) = Measurably faster lap times.
That's the science. That's the system. That's what's inside these packages.
Ready to join them?
👉 Get your Flow Performance Blueprint:",0,"01/02/2026 06:29",https://www.instagram.com/p/DTAv4tZgkMg/,"IG image",,Lifetime,257,154,5,0,0,1,0
18119689483495782,17841400841207807,_caminocoaching,"Camino Coaching","Merry Christmas, everyone 🎄",0,"12/24/2025 05:06",https://www.instagram.com/p/DSpbRPPABJK/,"IG image",,Lifetime,142,52,1,0,0,0,0
18034836329741256,17841400841207807,_caminocoaching,"Camino Coaching","I've reviewed data from 50+ race weekends and this pattern keeps showing up...

You hit a certain lap time... then get STUCK there.

1:18.5? Can't break into the 1:17s.
1:32.2? The 1:31s feel impossible.

Here's what the data shows:
It's not your bike. It's not your fitness.
It's the lack of structure for your brain to perform at its best at 130mph.

Your survival brain is holding you back.

Comment ""BRAIN"" and I'll send you the neuroscience breakdown + the 3-step protocol to break through.

(This is what Harrison used to go from stuck at 1:19s to winning in his championship at 1:16s)",0,"12/18/2025 10:30",https://www.instagram.com/p/DSajetTjI7t/,"IG image",,Lifetime,293,157,0,0,0,0,0
18110826985543391,17841400841207807,_caminocoaching,"Camino Coaching","💥 FROM ALMOST QUITTING TO DUTCH CHAMPION 💥

Richard Kent from Holland was racing Dutch Pro 1000 Superstock.

He was struggling. Badly.

The season we started working with him, he was almost going to give up racing entirely.

The reality:
❌ Crashing constantly
❌ Zero results
❌ No fun
❌ Overtrying everything
❌ Literally didn't know what to do

Then we applied the Camino Process.

The transformation:
✅ Fighting in the top 10
✅ Consistently in the top 6
✅ Fighting for podiums
✅ Race wins

You can see from this message—he won the race with the 2nd place guy 12 seconds behind him.

He started to dominate his championship.

By the end of the season?

👑 Richard Kent - Dutch Pro 1000 CHAMPION 👑

Same rider. Same bike. Different mental approach.

Richard didn't need more track time or bike upgrades. He needed the Camino Process.

From almost quitting to champion in ONE season.

👉 DM ""BLUEPRINT"" for instant access to our free training that shows you the exact Camino Process Richard used to transform his results.

#MotorcycleRacing #Champion #ComebackStory #DutchSuperstock #RacingMindset #SuccessStory #CaminoCoaching #MentalPerformance #RaceWinner #FlowState #Podium",63,"12/17/2025 01:00",https://www.instagram.com/reel/DSW9g6ZDV6T/,"IG reel",,Lifetime,427,359,3,0,0,0,0
18400846117125829,17841400841207807,_caminocoaching,"Camino Coaching","🏍️ FROM INJURY & LOST CONFIDENCE TO LAP RECORDS AND THE ISLE OF MAN TT TOP 10s 🏍️

Adam McLean races at the Isle of Man TT and European Road Racing.

He'd injured himself in a road race and lost his confidence coming back.

The challenge: Getting back to that same level of performance.

We applied the Camino Process. Gave him the right things to focus on.

Adam's results:

🏆 Top 10 at the TT
🏆 2nd place + WIN in Germany
🏆 Two 2nd places in Finland
🏆 TWO WINS + LAP RECORD in Belgium

But here's what Adam says was the BIGGEST difference:

""More aware of what's going on in my mind. Much more aware. When I'm not in a good space, I can recognise that I'm not in a good space and work to get myself into one.""

""I was always a bit of a slow starter. First session of the day was a bit slow at getting going. Where now, after I do my warmup, I'm much more ready to go and ready to do something as opposed to still not switched on.""

Same rider. Same bike. Different mental game.

Adam didn't need more track time or bike upgrades. He needed awareness and the right focus.

👉 DM ""BLUEPRINT"" for our free 3-day training that shows you the exact Camino Process Adam used to go from injury comeback to lap records.

#IsleOfManTT #RoadRacing #ComebackStory #MotorcycleRacing #MentalGame #CaminoCoaching #RacingMindset #IOMTT #LapRecord #FlowState #Confidence",108,"12/16/2025 10:01",https://www.instagram.com/reel/DSVWhSIEfG-/,"IG reel",,Lifetime,328,257,6,0,0,0,0
18085814771011567,17841400841207807,_caminocoaching,"Camino Coaching","MORE TRACK TIME. ZERO SPEED GAINED. 💰

Harrison Dessoy was racing British Talent Cup and struggling.

He had been told the answer was MORE TRACK TIME.

So his family spent thousands:
→ Europe
→ Spain
→ UK
→ Every opportunity to get on track

The result? Zero improvement.

Why? Because doing the same thing more often doesn't make it better.

Then we applied the Camino Process.

We changed his belief about where performance actually comes from.

The results:
✅ Top 10
✅ Consistent top 6
✅ Podiums
✅ Race wins
✅ Pole positions

Harrison's podium interview after his first win:

""I think it's just all the preseason work with Camino Coaching. From having a not so good weekend at Silverstone, we've just sort of worked from the buildup to this weekend and it's just sorted everything out. So a huge, huge thank you to Craig and all the preseason work.""

Fast-forward: Harrison's now racing British Sportbike Championship—fighting for poles, wins, and podiums.

Same rider. Different mental approach.

Stop throwing money at track time. Start investing in the mental game that actually creates speed.

👉 DM ""BLUEPRINT"" for our free 3-day training that shows you the exact Camino Process Harrison used to transform his results.

#MotorcycleRacing #BritishTalentCup #TrackTime #RacingMindset #SuccessStory #CaminoCoaching #MentalPerformance #RaceWinner #BSB #FlowState",117,"12/16/2025 00:01",https://www.instagram.com/reel/DSUR12xgXVd/,"IG reel",,Lifetime,509,334,16,1,0,0,1
18075882308258594,17841400841207807,_caminocoaching,"Camino Coaching","🧠 110 BITS VS 4 BILLION BITS: WHY THE HARDER YOU TRY, THE SLOWER YOU GO 🧠

Let's look at your brain to see what's actually going on.

CONSCIOUS MIND (Above the waterline):

Critical thinking, judgments, overthinking
Operates at 110 bits/second
Listening to me right now = 60 bits
Someone interrupts = OVERLOAD (120 bits)
This is why most riders spend race weekends overwhelmed.

SUBCONSCIOUS MIND (Below the waterline):

Intuition, creativity, imagination
Operates at 4 BILLION bits/second
Regulates organs, temperature, breathing—effortlessly
Feels LIMITLESS
THE BATTLE:

🥴 Drunken Monkey (110 bits): Jumping to conclusions, predicting the future, feeling overwhelmed

🧙 Subconscious Wizard (4 billion bits): Intuitive, creative, processing everything effortlessly

WHEN YOU'RE RIDING AT YOUR BEST:
You're riding subconsciously. No thinking—just doing. You don't calculate ""10 bar of brake pressure""—you FEEL it.

WHEN YOU'RE STRUGGLING:
You're riding consciously. Trying to keep up. Overthinking. Running at 110 bits = limited, overwhelmed, stressed.

The harder you try, the slower you go.

👉 DM ""BLUEPRINT"" for our free 3-day training that shows you how to unlock your 4-billion-bit subconscious wizard and ride at your peak consistently.

Critical thinking, judgments, and overthinking #RacingMindset #PeakPerformance #TrackDay #MentalTraining #CaminoCoaching #MotoGP #RacingPsychology",189,"12/15/2025 10:01",https://www.instagram.com/reel/DSSxxMPDWms/,"IG reel",,Lifetime,67,54,0,0,0,0,0
17853227178597158,17841400841207807,_caminocoaching,"Camino Coaching","MEET YOUR DRUNKEN MONKEY 

There's a blocker to flow state that's sabotaging your success right now.

And you need to meet him.

This is your Drunken Monkey. We've all got one.

Here's what he does to destroy your performance:

❌ Jumps to conclusions (usually wrong)
❌ Tries to predict the future (gets it wrong most of the time)
❌ Creates distractions on AND off track
❌ Makes you late for things
❌ Enjoys chaos
❌ Keeps you overthinking 24/7

The brutal truth? Your Drunken Monkey is riding the bike some of the time.

Not you. Him.

And that's why you're inconsistent. That's why you freeze up. That's why you can't access flow when it matters most.

The fastest riders in the world have learned to silence their Drunken Monkey and ride from a different place entirely.

👉 DM ""BLUEPRINT"" for our free 3-day training that shows you exactly how to tame your Drunken Monkey and unlock consistent flow state performance.

#MotorcycleRacing #FlowState #MentalGame #RacingMindset #PeakPerformance #TrackDay #RacingPsychology #CaminoCoaching #MotoGP #Overthinking",44,"12/15/2025 00:01",https://www.instagram.com/reel/DSRtFBSDeoX/,"IG reel",,Lifetime,270,219,0,0,0,0,0
17888584134401256,17841400841207807,_caminocoaching,"Camino Coaching","🧠 THE 7 SIGNS YOU'RE IN FLOW STATE 🧠

Ever had a session where everything just... clicks?

That's flow state. And it's not luck—it's science.

When you're in flow:

✅ Everything happens automatically—no thinking
✅ Your inner critic goes silent (finally!)
✅ Time warps—40 minutes feels like 5
✅ You KNOW when to make the move—pure intuition
✅ You're on the limit with ease and joy
✅ Your memory gets fuzzy (can't remember epic overtakes!)
✅ The experience itself is the reward

The problem? Most riders only hit flow by accident.

The solution? There's a proven process to access it on demand.

I've worked with 500+ riders to unlock their flow state triggers in our neuroscience-backed training system.

👉 DM ""BLUEPRINT"" for instant access to our free 3-day training that shows you how to enter flow state on command.

#FlowState #Motorsport #Racing #TrackDay #PeakPerformance #MentalStrength #RaceReady #Coaching #MotoGP",125,"12/14/2025 02:39",https://www.instagram.com/reel/DSPaYbYD2Vq/,"IG reel",,Lifetime,232,201,3,0,0,0,1
18096924430857122,17841400841207807,_caminocoaching,"Camino Coaching","What is Flow State? 🌊

Until about 25 years ago, flow was seen as mystical.

Meditation. Trance. Ninja-level martial arts.

High dedication + high discipline = flow state.

Then EEG technology changed everything.

Scientists measured brainwaves and discovered something incredible:

Just about everybody sponsored by Red Bull was dropping into flow.

High flow activities:

Skiing ⛷️
Surfing 🏄
Playing a musical instrument 🎸
Even playing with your dog 🐕
We've all seen that soloist who's at one with their instrument. They're not thinking—they're just playing. Everyone's in awe. That's flow.

And motorcycle racing? One of the highest flow environments on the planet. 

👉 DM ""BLUEPRINT"" for the free training that shows you what actually works.",91,"12/14/2025 00:00",https://www.instagram.com/reel/DSPIOpOj1ML/,"IG reel",,Lifetime,203,179,0,0,0,0,0
18167695801347340,17841400841207807,_caminocoaching,"Camino Coaching","Alvaro Bautista narrowly missed the World Superbike Championship in 2019.

So what did he change? 🤔

❌ Not his bike setup
❌ Not his physical training
✅ His mentality

""It's a bit like telemetry for the mind.""

When you work on your mental approach, you get better access to flow state —where peak performance lives.

Marc Marquez: ""A wonderful feeling.""
Valentino Rossi: ""Finding his rhythm.""

Three World Champions. Same secret.

Riding at the limit isn't about external factors. It's about the internal state you drop into.

Want to access flow state on command?

👉 DM ""BLUEPRINT"" for our free 3-day training",98,"12/13/2025 10:01",https://www.instagram.com/reel/DSNoJ2TD38l/,"IG reel",,Lifetime,262,223,0,0,0,0,0
18060242852270769,17841400841207807,_caminocoaching,"Camino Coaching","Big Mistake #7: Superstitions 🍀 

Lucky underwear. Left glove on first. Fist bump before the race.

The paddock is FULL of superstitions.

Here's the problem:

There's no science behind it.

You had ONE good race wearing those lucky socks. Now you wear them every race... and your performance drops.

But you keep wearing them because ""what if I don't?""

It's crazy. It's proven NOT to work. Yet you're still crossing your fingers hoping it will.

The truth?

Superstitions give you a false sense of control. They keep you focused on external rituals instead of the internal state that actually creates performance.

While you're worrying about which boot to put on first, the fast guys are using real data and real science to access flow state on command.

Want to stop relying on luck and start using proven neuroscience?

👉 DM ""BLUEPRINT"" for the free training that shows you what actually works.

#MotorcycleRacing #RacingMindset #Superstitions #FlowState #PeakPerformance #MentalTraining #Neuroscience #RacingPsychology #PerformanceCoaching #CaminoCoaching",93,"12/13/2025 00:01",https://www.instagram.com/reel/DSMjgzpAaXG/,"IG reel",,Lifetime,224,204,0,0,0,0,0
18079414751153495,17841400841207807,_caminocoaching,"Camino Coaching","Big Mistake #6: Changing everything 🏍💭

New bike.
New team.
New setup.
New tires.

But the results stay the same.

Here's why:

You're changing everything EXCEPT the one thing that actually matters.

YOU.

Your mental system is the constant.
If you don't fix that, nothing else changes.

Stop chasing external fixes.
Start building your internal system.

Want to learn what actually needs to change?
👉 DM me ""BLUEPRINT"" for the free training

 #RaceMindset #FlowState #RacePerformance #MotoGP #Superbike #TrackDay #RacingMindset #PeakPerformance #CaminoCoaching",159,"12/12/2025 10:00",https://www.instagram.com/reel/DSLDSddjxwf/,"IG reel",,Lifetime,426,340,7,0,0,0,0
17912292804257219,17841400841207807,_caminocoaching,"Camino Coaching","Big Mistake #5: The Frustration Loop 🏍💭

You make a mistake.
You get frustrated.
The frustration makes you tense.
The tension makes you make MORE mistakes.

Now you're in a loop:
Mistake → Frustration → Tension → More mistakes

One bad corner ruins your entire race.

The fix?
Learn to break the frustration loop BEFORE it costs you the race.

Want to learn how to stay composed when things go wrong?
👉 DM me ""BLUEPRINT"" for the free training

#MotorcycleRacing #RaceMindset #FlowState #RacePerformance #MotoGP #Superbike #TrackDay #RacingMindset #PeakPerformance #CaminoCoaching",106,"12/12/2025 00:01",https://www.instagram.com/reel/DSJ-pb0j7ip/,"IG reel",,Lifetime,278,241,2,0,0,0,0
18096219973850717,17841400841207807,_caminocoaching,"Camino Coaching","Big Mistake #4: Trying too hard 🏍💭

""I just need to push harder.""
""I need to try more.""
""I need to give 110%.""

Here's the problem:

When you try harder, you create MORE tension.
More tension = slower lap times.

The harder you try, the slower you go.

Your conscious brain (110 bits/second) is trying to override your subconscious brain (4 BILLION bits/second).

You can't out-think 4 billion bits of processing power.

The answer? Stop trying so hard.
Let your subconscious do what it's designed to do.

Want to learn how to access your subconscious speed?
👉 DM me ""BLUEPRINT"" for the free training

#MotorcycleRacing #RaceMindset #FlowState #RacePerformance #MotoGP #Superbike #TrackDay #RacingMindset #PeakPerformance #CaminoCoaching",69,"12/11/2025 10:01",https://www.instagram.com/reel/DSIekqfgWhM/,"IG reel",,Lifetime,322,252,4,0,0,0,1
17918725356218476,17841400841207807,_caminocoaching,"Camino Coaching","Big Mistake #2: Overthinking and second-guessing 🏍💭

Trying to figure out what the problem is.
Trying to figure out how someone else is faster.

But here's what actually happens:

You INCREASE your stress and anxiety.
You CREATE bigger problems that didn't even exist.

""Maybe it's this... maybe it's that... maybe it could be this...""

Overthinking creates problems that weren't there in the first place.

And it costs you your performance.

Want to eliminate analysis paralysis for good?
👉 DM me ""BLUEPRINT"" for the free training

#MotorcycleRacing #RaceMindset #FlowState #RacePerformance #MotoGP #Superbike #TrackDay #RacingMindset #PeakPerformance #CaminoCoaching",61,"12/11/2025 00:01",https://www.instagram.com/reel/DSHZ7YygYMQ/,"IG reel",,Lifetime,260,217,4,0,1,0,0
17941514012965158,17841400841207807,_caminocoaching,"Camino Coaching",,62,"12/10/2025 10:01",https://www.instagram.com/reel/DSF5v-ekl38/,"IG reel",,Lifetime,283,225,9,0,1,0,1
17868949794488067,17841400841207807,_caminocoaching,"Camino Coaching","Fast in practice. Stuck in qualifying. Sound familiar? 🏍️

Rakshith had the speed. Same bike as everyone else in the NSF250 series.

But the moment qualifying started and the pressure was on, his brain went into overthinking mode:

""Should I overtake before the corner or after?""
""Do I have enough gap?""
""What if I mess this up?""

By the time he made a decision, the moment was gone.

He'd catch slower riders, then calibrate himself to THEIR pace instead of his own.

Bad qualifying = bad grid position = compromised races.

Every. Single. Weekend.

Then we applied the Camino Process.

We didn't change his bike. We didn't change his team.
We changed his mental approach.

Next race: Malaysia. He won the whole thing.

Then? Selected for Asia Talent Cup. Fighting in the international series.

Same rider. Same bike. Different mental game.

Overthinking is costing you lap times and positions. Every time you second-guess yourself, you're handing the advantage to riders who've trained their mind to execute without hesitation.

Ready to silence that voice in your helmet?

DM me ""BLUEPRINT"" for our free 3-day training that shows you exactly how to eliminate overthinking and race with clarity.

#FlowState #MotorcycleRacing #RacingMindset #MentalPerformance #Overthinking #NSF250 #AsiaTalentCup",82,"12/10/2025 00:01",https://www.instagram.com/reel/DSE1HodjFhr/,"IG reel",,Lifetime,285,216,2,0,0,0,0
18167652097383378,17841400841207807,_caminocoaching,"Camino Coaching","Fast in practice. Stuck in qualifying. Sound familiar? 🏍️

Rashid had the speed. Same bike as everyone else in the NSF250 series.

But the moment qualifying started and the pressure was on, his brain went into overthinking mode:

""Should I overtake before the corner or after?""
""Do I have enough gap?""
""What if I mess this up?""

By the time he made a decision, the moment was gone.

He'd catch slower riders, then calibrate himself to THEIR pace instead of his own.

Bad qualifying = bad grid position = compromised races.

Every. Single. Weekend.

Then we applied the Camino Process.

We didn't change his bike. We didn't change his team.
We changed his mental approach.

Next race: Malaysia. He won the whole thing.

Then? Selected for Asia Talent Cup. Fighting for top 10s.

Same rider. Same bike. Different mental game.

Overthinking is costing you lap times and positions. Every time you second-guess yourself, you're handing the advantage to riders who've trained their mind to execute without hesitation.

Ready to silence that voice in your helmet?

DM me ""BLUEPRINT"" for our free 3-day training that shows you exactly how to eliminate overthinking and race with clarity.

#FlowState #MotorcycleRacing #RacingMindset #MentalPerformance #Overthinking #NSF250 #AsiaTalentCup",82,"12/10/2025 00:01",https://www.instagram.com/reel/DSE1G0pDAZX/,"IG reel",,Lifetime,429,324,4,2,1,0,1
17877824454442938,17841400841207807,_caminocoaching,"Camino Coaching","$40,000 in upgrades. Zero speed gained. 🏍️

Andrew spent a fortune:
• Engine work
• Suspension rebuild
• Works bolt-ons

Same lap times. Still stuck.

Then he applied the Camino Process.
Zero bike changes.
Just mental performance training.

8 weeks later at Daytona:
1.5 seconds faster than his PB.
Same bike.

Stop being an expensive passenger on a fast bike.

DM ""BLUEPRINT"" for the free training that shows you what actually creates performance.

#FlowState #MotorcycleRacing #RacingMindset",53,"12/09/2025 10:01",https://www.instagram.com/reel/DSDU_78D5Xc/,"IG reel",,Lifetime,243,212,1,0,0,0,0
17958141635892295,17841400841207807,_caminocoaching,"Camino Coaching","The void in motorcycle racing that's keeping you mid-pack 🏍️

For as much as technology has developed in our sport, there's actually a huge area where it's lacking...

The mental approach.

This is what's stopping you from becoming the motorcycle racer you could become.

We focus on having the best bike, the best setup, the best equipment. But what happens when everyone on the grid has invested at the same level?

What separates you from the rest when everyone's on the same package?

Over the next 10 days, I'm breaking down the exact mental performance system that's taken riders from mid-pack to podiums - without changing their bike.

Ready to discover what's really holding you back?

DM me ""BLUEPRINT"" for instant access to our free 3-day training that reveals the complete system.

#FlowState #MotorcycleRacing #RacingMindset #PeakPerformance #MentalTraining #RacingPsychology #CaminoCoaching",73,"12/09/2025 00:06",https://www.instagram.com/reel/DSCQ7-jjzC5/,"IG reel",,Lifetime,222,196,0,0,0,1,1
17915046963250648,17841400841207807,_caminocoaching,"Camino Coaching","""Racing is 90% between the ears.""
— Kevin Schwantz, 500cc World Champion

And most racers are trying to win with no system for the 90%.

You can run the lap in practice. But lose 1-2 seconds when the lights go on.

""My head went.""
""I bottled it.""
""Couldn't commit on the brakes.""

The tension shows up instantly: arm pump, tight shoulders, death-grip on the bars.

You're fine on your own. But fall apart in traffic.

After a big crash, you say you're fine – but you still back off at that corner.

You're riding not to crash, instead of riding to win.

One mistake or near-miss and it ruins the rest of your race.

Here's the thing:

It's not your courage. It's not your setup. It's not your fitness.

Your survival brain is taking control under pressure because you don't have a repeatable race-day process for your brain.

You've got the bike. You've got the data. You've got the speed in practice.

What you don't have is a mental system that keeps your survival brain quiet when it matters.

That's what I fix.

The Flow Performance Programme is a repeatable mental system built for serious racers who know they've got the speed but can't access it under pressure.

Not generic mindset coaching. A structured process so you can bring your practice pace to the grid without riding over your head.

The result?

You close the practice vs race pace gap.

You stay loose and committed in traffic, not just on a clear lap.

You stop letting your head steal seconds when the lights go out.

Ready to stop your survival brain from stealing your results?

DM me the word ""Blueprint"" and I'll send you the free training that shows you exactly how this works.",0,"12/08/2025 03:14",https://www.instagram.com/p/DSABrqSDc6n/,"IG image",,Lifetime,237,101,1,0,0,0,0
18089436761502627,17841400841207807,_caminocoaching,"Camino Coaching","I’ve just gone through sleep data from 50+ racers and it’s honestly worrying.

Over 80% can’t wake up without an alarm.
Around 70% need caffeine before midday just to feel normal.
Most of them could fall back asleep at 10am without trying.

Now imagine taking that brain onto track.

Here’s what that actually means when you’re riding:

Your reaction time is 30–50 milliseconds slower

You’re missing visual cues that should feel obvious

Your brain can’t keep up when something suddenly changes

That “off” feeling you sometimes get?

The corner where your timing was weird

The moment you froze instead of rolling on or picking the bike up

The near-miss you can’t quite explain

That usually isn’t bad luck.
That’s bad sleep.

When you’re sleep deprived, the decision-making part of your brain is the first thing to switch off.
So when the bike moves, or someone runs you tight, your brain is a step behind and you feel it as hesitation, tension or panic.

I’ve seen this over and over working with racers.

The ones who keep progressing, session after session, aren’t just “naturally confident”.
They take recovery as seriously as bike setup.

Sleep is the cleanest performance mod you’ll ever get.
It’s legal. It’s free.
And almost every racer is leaving performance on the table by ignoring it.

The good bit:

You can start turning this around in the next 7–14 days with the right protocol.
I’ve already used it with riders who went from wired and foggy to calm and switched on in under two weeks.

The bad bit:

Most riders won’t change anything until they’ve already scared themselves or ended up in the gravel.

Want the fix? DM Blueprint below and I’ll send it over.",0,"12/06/2025 10:41",https://www.instagram.com/p/DR7rQghDCDZ/,"IG image",,Lifetime,607,267,6,0,0,0,1
17888292507397005,17841400841207807,_caminocoaching,"Camino Coaching","Your brain has a limit. You’re pushing past it.

When you try to think your way through the lap, braking technique or line choice, you switch into the slow part of the brain. That’s why everything feels delayed. Corners come at you faster than you can process them. Your body goes tight. Your riding gets reactive instead of smooth.

Your best laps don’t come from thinking harder. They come from letting the subconscious take over.
That’s the shift into flow.
The difference between fighting the bike and moving with it.

I’ve got a free training that shows you how to trigger that shift before you even roll out of pit lane.

DM BLUEPRINT and I’ll send it over.

#motorcycleracing #flowstate #racingpsychology #trackday #superbike #motogp #mentalperformance",0,"12/03/2025 10:07",https://www.instagram.com/p/DRz451oiSHa/,"IG carousel",,Lifetime,444,139,5,0,0,0,0
17911955118254287,17841400841207807,_caminocoaching,"Camino Coaching","You aren’t lazy. Your brain is choosing safety over speed. 

I just finished an onboarding call with a rider who is finally joining the programme. We actually first met in 2022 to discuss his racing.

He knew he was stuck then. He knew he had hit a ceiling. But he decided to put it off.

Instead of investing in his performance, he spent that budget on a caravan. Safe. Comfortable. Known.

THE RESULT? Three unsatisfying seasons later, he is back. He has spent thousands on tyres, fuel, and track days since then—but he is exactly where he started on the timing sheets. He chose the caravan over the championship. And he can never buy those three years back.

THE DIAGNOSIS: THE COMFORT TRAP This isn't a character flaw. It is a biological survival mechanism. Your Limbic System (the primitive brain) prioritizes safety and energy conservation. To your brain, ""Change"" looks like a ""Threat."" 

Buying a caravan feels safe. Stepping up your performance and facing your limitations feels dangerous.

THE FIX Comfort over commitment is why most of the grid just makes up the numbers. Are you ready to bypass your survival instincts and delete the invisible mistakes costing you your career?
DM the word “Blueprint” to get the free training and break out of your comfort zone",0,"12/02/2025 10:00",https://www.instagram.com/p/DRxTbiyDbBK/,"IG image",,Lifetime,254,99,1,0,0,0,0
18063616556536754,17841400841207807,_caminocoaching,"Camino Coaching","It is the most expensive lie in the paddock: ""I just need a better bike.""

I see the invoices. Data logging, engine maps, carbon fairings. You are building an excellent machine for a rider with a struggling mindset. 

The bike is capable of a 1:34. You are riding it at a 1:36. That 2-second gap is not in the forks. It is in the micro-hesitation of your right wrist when your amygdala screams ""danger"" at the 200m board.

You cannot buy confidence. You have to engineer it.

Stop upgrading the hardware until you have upgraded the software.

DM ""Track"" to get the link to our free training on how to master your trackdays",0,"12/01/2025 08:48",https://www.instagram.com/p/DRumVuxDFot/,"IG image",,Lifetime,252,91,0,0,0,0,0
18087324805812806,17841400841207807,_caminocoaching,"Camino Coaching","You're looking at the rear wheel of your own biggest rival.

That sinking thought: ""4th is okay, I don't need to push for 3rd."" It costs you the podium, every single time.

The Invisible Enemy: Your Mental Set Point 🧠
It feels like a physical barrier, but it's pure neuroscience:

The Problem: You've created an internal ceiling for where you believe you belong. You're fast enough, but your body and brain act as a safety net to keep your identity intact.

The Sabotage: When you try to run a podium pace, your Basal Ganglia creates a ""performance set point."" Exceed it, and your nervous system triggers micro-mistakes, hesitation, and muscle tension to drag you back to what feels familiar.

The Result: You see the same faces beat you every weekend. Same positions, same patterns, same self-imposed ceiling.

The speed is there. The money for the new setup is spent. But your belief system is the invisible component that is holding you back.

🔥 Ready to Conquer Your Mental Game Mistakes? 🔥

You can eliminate this self-sabotage and the other most common mental mistakes that are costing you lap time and results.

👉 REPLY ""BLUEPRINT"" in the comments and I'll send you the link to the free training that reveals the exact system to break through your mental ceiling and start racing like the elite 12%.

#FlowState #Confidence #PeakPerformance #Success #MentalSkills  #Racing #Mindset #Motorcycle",0,"11/30/2025 09:54",https://www.instagram.com/p/DRsJFKwk-50/,"IG image",,Lifetime,532,260,2,0,0,1,0
17905708173145958,17841400841207807,_caminocoaching,"Camino Coaching","Lights out. By Turn 1, you’re already down positions.

Why does this happen?

It’s not because you aren't brave enough. It’s Neuro-inefficiency.

THE ISSUE: That half-second hesitation where you give up the inside line.

THE SCIENCE: On race start, your brain attempts to process lights, clutch bite, gaps, and opponents simultaneously. This cognitive overload crashes your working memory. Your amygdala fires contradictory impulses—defend, attack, avoid—causing ""analysis paralysis.""

The racers passing you aren’t superhuman; they are just neurologically calmer. They have trained mental systems that remove hesitation.

THE RESULT: You lose three seconds you never get back. A P5 qualifying effort turns into P10 by Turn 2, and your race is compromised by traffic.

Stop letting your brain sabotage your starts.

Want to conquer the mental mistakes costing you lap time?

👇 REPLY “BLUEPRINT” below.

#motorcycleracing #racecraft #motogp #sbk #trackday #racingpsychology #neuroscience #caminocoaching",0,"11/29/2025 11:00",https://www.instagram.com/p/DRprz7VAcsM/,"IG image",,Lifetime,388,166,5,0,0,0,0
17961946874862631,17841400841207807,_caminocoaching,"Camino Coaching","Most people charge for this kind of clarity.

I’ve been blown away by the feedback on the free training this week.

We are only a couple of days in, and the group is already identifying blind spots and building roadmaps for the future.

When you see feedback like ""learning heaps"" and ""helped me create a plan for the future,"" you know it’s working. I don't believe in holding back the good stuff just because it's free.

If you’re feeling stuck or just need a push in the right direction, come and take a look at what we’re doing.

Message ""Blueprint"" and i will send it over",0,"11/28/2025 12:00",https://www.instagram.com/p/DRnN6eZDYWg/,"IG carousel",,Lifetime,326,108,1,0,0,0,0
